{"786": {"entity_type": "Australian Public Company", "year_established": "2015"}, "787": {"entity_type": "Sole Trader", "year_established": "2013"}, "788": {"entity_type": "Australian Private Company", "year_established": "2014"}, "789": {"entity_type": "Australian Private Company", "year_established": "2010"}, "790": {"entity_type": "Australian Private Company", "year_established": "2010"}, "791": {"entity_type": "Australian Company", "year_established": "2010"}, "792": {"entity_type": "Australian Company", "year_established": "2010"}, "793": {"entity_type": "Australian Company", "year_established": "2010"}, "794": {"entity_type": "Australian Company", "year_established": "2010"}, "795": {"entity_type": "Australian Private Company", "year_established": "2020"}, "796": {"entity_type": "Sole Trader", "year_established": "1993"}, "797": {"entity_type": "sole Private Company", "year_established": "2010"}}